{"instrument": {"wavelength": 0.447, "magnification": 0.048, "n_m": 1.34}, "particle": {"a_p": [0.2, 5.0], "n_p": [1.38, 1.7], "k_p": [0, 0], "x_p": [90, 110], "y_p": [90, 110], "z_p": [50, 600], "nspheres": [1, 2]}, "training": {"epochs": 10000, "batchsize": 64, "savefile": "../keras_models/predict_stamp_adamopt"}, "shape": [201, 201], "noise": 0.05, "nframes_train": 10000, "nframes_test": 1000, "nframes_eval": 100, "z_RMSE": 0.04200729389227336, "a_RMSE": 0.04086945431352969, "n_RMSE": 0.08366027556142752}